Workbook

Sheet DanhSachBaoCao
A1: Mã báo cáo | B1: Tên báo cáo | C1: Mã TG | D1: Tên Tác Giả | E1: Phòng trình bày | F1: Thù lao
A2: BC001 | B2: Ứng dụng công nghệ thông tin | C2: TG001 | D2: =IFERROR(VLOOKUP(TRIM(C2),'DanhMucTacGia'!$A$2:$E$81,2,FALSE),"Chưa cập nhật") | E2: =IFERROR(VLOOKUP(TRIM(C2),'DanhMucTacGia'!$A$2:$E$81,4,FALSE),"Chưa cập nhật") | F2: =IFERROR(VLOOKUP(TRIM(C2),'DanhMucTacGia'!$A$2:$E$81,5,FALSE),"Chưa cập nhật")
A3: BC002 | B3: An toàn thông tin mạng | C3: TG002 | D3: =IFERROR(VLOOKUP(TRIM(C3),'DanhMucTacGia'!$A$2:$E$81,2,FALSE),"Chưa cập nhật") | E3: =IFERROR(VLOOKUP(TRIM(C3),'DanhMucTacGia'!$A$2:$E$81,4,FALSE),"Chưa cập nhật") | F3: =IFERROR(VLOOKUP(TRIM(C3),'DanhMucTacGia'!$A$2:$E$81,5,FALSE),"Chưa cập nhật")
A4: BC003 | B4: Chuyển đổi số | C4: TG003 | D4: =IFERROR(VLOOKUP(TRIM(C4),'DanhMucTacGia'!$A$2:$E$81,2,FALSE),"Chưa cập nhật") | E4: =IFERROR(VLOOKUP(TRIM(C4),'DanhMucTacGia'!$A$2:$E$81,4,FALSE),"Chưa cập nhật") | F4: =IFERROR(VLOOKUP(TRIM(C4),'DanhMucTacGia'!$A$2:$E$81,5,FALSE),"Chưa cập nhật")
A5: BC004 | B5: Trí tuệ nhân tạo | C5: TG001 | D5: =IFERROR(VLOOKUP(TRIM(C5),'DanhMucTacGia'!$A$2:$E$81,2,FALSE),"Chưa cập nhật") | E5: =IFERROR(VLOOKUP(TRIM(C5),'DanhMucTacGia'!$A$2:$E$81,4,FALSE),"Chưa cập nhật") | F5: =IFERROR(VLOOKUP(TRIM(C5),'DanhMucTacGia'!$A$2:$E$81,5,FALSE),"Chưa cập nhật")
A6: BC005 | B6: Phân tích dữ liệu | C6: TG002 | D6: =IFERROR(VLOOKUP(TRIM(C6),'DanhMucTacGia'!$A$2:$E$81,2,FALSE),"Chưa cập nhật") | E6: =IFERROR(VLOOKUP(TRIM(C6),'DanhMucTacGia'!$A$2:$E$81,4,FALSE),"Chưa cập nhật") | F6: =IFERROR(VLOOKUP(TRIM(C6),'DanhMucTacGia'!$A$2:$E$81,5,FALSE),"Chưa cập nhật")
A7: BC006 | B7: Điện toán đám mây | C7: TG003 | D7: =IFERROR(VLOOKUP(TRIM(C7),'DanhMucTacGia'!$A$2:$E$81,2,FALSE),"Chưa cập nhật") | E7: =IFERROR(VLOOKUP(TRIM(C7),'DanhMucTacGia'!$A$2:$E$81,4,FALSE),"Chưa cập nhật") | F7: =IFERROR(VLOOKUP(TRIM(C7),'DanhMucTacGia'!$A$2:$E$81,5,FALSE),"Chưa cập nhật")
A8: BC007 | B8: Phát triển phần mềm | C8: TG001 | D8: =IFERROR(VLOOKUP(TRIM(C8),'DanhMucTacGia'!$A$2:$E$81,2,FALSE),"Chưa cập nhật") | E8: =IFERROR(VLOOKUP(TRIM(C8),'DanhMucTacGia'!$A$2:$E$81,4,FALSE),"Chưa cập nhật") | F8: =IFERROR(VLOOKUP(TRIM(C8),'DanhMucTacGia'!$A$2:$E$81,5,FALSE),"Chưa cập nhật")
A9: BC008 | B9: Internet vạn vật | C9: TG002 | D9: =IFERROR(VLOOKUP(TRIM(C9),'DanhMucTacGia'!$A$2:$E$81,2,FALSE),"Chưa cập nhật") | E9: =IFERROR(VLOOKUP(TRIM(C9),'DanhMucTacGia'!$A$2:$E$81,4,FALSE),"Chưa cập nhật") | F9: =IFERROR(VLOOKUP(TRIM(C9),'DanhMucTacGia'!$A$2:$E$81,5,FALSE),"Chưa cập nhật")
A10: BC009 | B10: Hệ thống thông tin | C10: TG003 | D10: =IFERROR(VLOOKUP(TRIM(C10),'DanhMucTacGia'!$A$2:$E$81,2,FALSE),"Chưa cập nhật") | E10: =IFERROR(VLOOKUP(TRIM(C10),'DanhMucTacGia'!$A$2:$E$81,4,FALSE),"Chưa cập nhật") | F10: =IFERROR(VLOOKUP(TRIM(C10),'DanhMucTacGia'!$A$2:$E$81,5,FALSE),"Chưa cập nhật")
A11: BC010 | B11: Cơ sở dữ liệu | C11: TG001 | D11: =IFERROR(VLOOKUP(TRIM(C11),'DanhMucTacGia'!$A$2:$E$81,2,FALSE),"Chưa cập nhật") | E11: =IFERROR(VLOOKUP(TRIM(C11),'DanhMucTacGia'!$A$2:$E$81,4,FALSE),"Chưa cập nhật") | F11: =IFERROR(VLOOKUP(TRIM(C11),'DanhMucTacGia'!$A$2:$E$81,5,FALSE),"Chưa cập nhật")
A12: BC011 | B12: Ứng dụng AI trong giáo dục | C12: TG002 | D12: =IFERROR(VLOOKUP(TRIM(C12),'DanhMucTacGia'!$A$2:$E$81,2,FALSE),"Chưa cập nhật") | E12: =IFERROR(VLOOKUP(TRIM(C12),'DanhMucTacGia'!$A$2:$E$81,4,FALSE),"Chưa cập nhật") | F12: =IFERROR(VLOOKUP(TRIM(C12),'DanhMucTacGia'!$A$2:$E$81,5,FALSE),"Chưa cập nhật")
A13: BC012 | B13: Bảo mật dữ liệu | C13: TG003 | D13: =IFERROR(VLOOKUP(TRIM(C13),'DanhMucTacGia'!$A$2:$E$81,2,FALSE),"Chưa cập nhật") | E13: =IFERROR(VLOOKUP(TRIM(C13),'DanhMucTacGia'!$A$2:$E$81,4,FALSE),"Chưa cập nhật") | F13: =IFERROR(VLOOKUP(TRIM(C13),'DanhMucTacGia'!$A$2:$E$81,5,FALSE),"Chưa cập nhật")
... A81: BC080 | B81: Internet vạn vật | C81: TG002 | D81: =IFERROR(VLOOKUP(TRIM(C81),'DanhMucTacGia'!$A$2:$E$81,2,FALSE),"Chưa cập nhật") | E81: =IFERROR(VLOOKUP(TRIM(C81),'DanhMucTacGia'!$A$2:$E$81,4,FALSE),"Chưa cập nhật") | F81: =IFERROR(VLOOKUP(TRIM(C81),'DanhMucTacGia'!$A$2:$E$81,5,FALSE),"Chưa cập nhật")

Sheet DanhMucTacGia
A1: Mã TG | B1: Tên Tác Giả | C1: Khoa/Viện | D1: Phòng | E1: Thù Lao
A2: TG001 | B2: Nguyễn Văn An | C2: CNTT | D2: P.201-A | E2: 500000
A3: TG002 | B3: Trần Thị Bình | C3: Điện Tử | D3: P.305-B | E3: 450000
A4: TG003 | B4: Lê Minh Châu | C4: CNTT | D4: P.201-A | E4: 500000

Sheet PhanTich_BaiLam
A1: BÀI LÀM: VLOOKUP KẾT HỢP TRIM VÀ IFERROR
A3: PHẦN 1: PHÂN TÍCH BÀI TOÁN (I/O)
A4: Thành phần | B4: Cột D - Tên tác giả | C4: Cột E - Phòng | D4: Cột F - Thù lao
A5: Lookup_value | B5: C2 (dùng TRIM(C2) trong công thức) | C5: C2 (dùng TRIM(C2) trong công thức) | D5: C2 (dùng TRIM(C2) trong công thức)
A6: Table_array | B6: 'DanhMucTacGia'!$A$2:$E$81 | C6: 'DanhMucTacGia'!$A$2:$E$81 | D6: 'DanhMucTacGia'!$A$2:$E$81
A7: Col_index_num | B7: 2 | C7: 4 | D7: 5
A8: Range_lookup | B8: FALSE (tìm chính xác) | C8: FALSE (tìm chính xác) | D8: FALSE (tìm chính xác)
A10: 2. Giải pháp xử lý 3 bẫy dữ liệu
A11: Bẫy 1: Khoảng trắng | B11: Dùng TRIM(C2) để loại bỏ khoảng trắng thừa ở đầu và cuối mã tác giả.
A12: Bẫy 2: Mã không có trong danh mục | B12: Dùng IFERROR(...,"Chưa cập nhật") để thay lỗi #N/A bằng thông báo dễ hiểu.
A13: Bẫy 3: Vùng tra cứu bị trôi | B13: Dùng dấu $ trong $A$2:$E$81 để cố định vùng tra cứu khi kéo công thức.
A15: 3. Các bước thực hiện trong Excel
A16: Bước 1: Mở file Excel và tạo hai sheet DanhSachBaoCao, DanhMucTacGia.
A17: Bước 2: Đặt Mã TG ở cột C của DanhSachBaoCao; danh mục tác giả gồm các cột A đến E.
A18: Bước 3: Nhập công thức VLOOKUP kết hợp TRIM và IFERROR vào D2, E2, F2.
A19: Bước 4: Kéo các công thức xuống các dòng còn lại; vùng tra cứu được cố định bằng dấu $.
A20: Bước 5: Kiểm tra các mã có khoảng trắng và ba mã tác giả ngoài danh mục.
A21: Bước 6: Lưu file Excel và tải file cùng phần phân tích lên repository GitHub.
A22: Bước 7: Đặt tên repository theo mẫu [Tên Lớp]_[Môn Học]_[Session bài học]_[Bài], rồi nộp URL lên Portal.
A25: PHẦN 2: TRIỂN KHAI & CHỐNG LỖI
A26: 4. Ô D2 - Tên tác giả | B26: =IFERROR(VLOOKUP(TRIM(C2),'DanhMucTacGia'!$A$2:$E$81,2,FALSE),"Chưa cập nhật")
A27: 5. Ô E2 - Phòng | B27: =IFERROR(VLOOKUP(TRIM(C2),'DanhMucTacGia'!$A$2:$E$81,4,FALSE),"Chưa cập nhật")
A28: 5. Ô F2 - Thù lao | B28: =IFERROR(VLOOKUP(TRIM(C2),'DanhMucTacGia'!$A$2:$E$81,5,FALSE),"Chưa cập nhật")
A30: Vì sao chỉ cần thay Col_index_num? | B30: Vì mã tác giả và vùng tra cứu giống nhau ở cả ba công thức. Chỉ số 2, 4, 5 chọn cột kết quả tương ứng: Tên tác giả, Phòng, Thù lao.
A32: 6. Nếu bỏ dấu $ trong Table_array | B32: Ví dụ công thức D2 dùng 'DanhMucTacGia'!A2:E81. Khi kéo xuống D5, Excel dịch vùng thành 'DanhMucTacGia'!A5:E84. Vùng tra cứu bị trôi nên có thể bỏ sót mã ở đầu danh mục và trả kết quả sai hoặc #N/A.
A34: Cách sửa | B34: Dùng 'DanhMucTacGia'!$A$2:$E$81 để giữ nguyên vùng tra cứu khi kéo công thức.
A36: LƯU Ý VỀ DỮ LIỆU MẪU | B36: Đề bài chỉ cung cấp thông tin mẫu cho TG001, TG002, TG003 và không cung cấp dữ liệu gốc của 80 báo cáo. Các dòng báo cáo trong file này được tạo để minh họa thao tác; hãy thay bằng dữ liệu thật nếu giảng viên đã cung cấp.
A38: Tên repository theo yêu cầu | B38: [Tên Lớp]_[Môn Học]_[Session bài học]_[Bài]
A39: Ví dụ tham khảo | B39: HCMKS26CNTT2_Excel_Session11_VLOOKUP (sửa theo đúng môn học/session của lớp bạn)
